name,schema,description
94181001dem.grd,,
94181001dem.hdr,,
94181002dem.grd,,
94181002dem.hdr,,
94181003dem.grd,,
94181003dem.hdr,,
94181004dem.grd,,
94181004dem.hdr,,
94181005dem.grd,,
94181005dem.hdr,,
94181006dem.grd,,
94181006dem.hdr,,
94181007dem.grd,,
94181007dem.hdr,,
94181008dem.grd,,
94181008dem.hdr,,
94181009dem.grd,,
94181009dem.hdr,,
94181011dem.grd,,
94181011dem.hdr,,
94181012dem.grd,,
94181012dem.hdr,,
94181013dem.grd,,
94181013dem.hdr,,
94181014dem.grd,,
94181014dem.hdr,,
94181015dem.grd,,
94181015dem.hdr,,
94181016dem.grd,,
94181016dem.hdr,,
94181017dem.grd,,
94181017dem.hdr,,
94181018dem.grd,,
94181018dem.hdr,,
94181021dem.grd,,
94181021dem.hdr,,
94181022dem.grd,,
94181022dem.hdr,,
94181023dem.grd,,
94181023dem.hdr,,
94181024dem.grd,,
94181024dem.hdr,,
94181025dem.grd,,
94181025dem.hdr,,
94181026dem.grd,,
94181026dem.hdr,,
94181027dem.grd,,
94181027dem.hdr,,
94181031dem.grd,,
94181031dem.hdr,,
94181032dem.grd,,
94181032dem.hdr,,
94181033dem.grd,,
94181033dem.hdr,,
94181034dem.grd,,
94181034dem.hdr,,
94181035dem.grd,,
94181035dem.hdr,,
94181036dem.grd,,
94181036dem.hdr,,
94181037dem.grd,,
94181037dem.hdr,,
94181041dem.grd,,
94181041dem.hdr,,
94181043dem.grd,,
94181043dem.hdr,,
94181044dem.grd,,
94181044dem.hdr,,
94181045dem.grd,,
94181045dem.hdr,,
94184006dem.grd,,
94184006dem.hdr,,
94184007dem.grd,,
94184007dem.hdr,,
94184008dem.grd,,
94184008dem.hdr,,
94184009dem.grd,,
94184009dem.hdr,,
94184010dem.grd,,
94184010dem.hdr,,
94184016dem.grd,,
94184016dem.hdr,,
94184017dem.grd,,
94184017dem.hdr,,
94184018dem.grd,,
94184018dem.hdr,,
94184019dem.grd,,
94184019dem.hdr,,
94184020dem.grd,,
94184020dem.hdr,,
94184027dem.grd,,
94184027dem.hdr,,
94184028dem.grd,,
94184028dem.hdr,,
94184029dem.grd,,
94184029dem.hdr,,
94184030dem.grd,,
94184030dem.hdr,,
94184037dem.grd,,
94184037dem.hdr,,
94184038dem.grd,,
94184038dem.hdr,,
94184039dem.grd,,
94184039dem.hdr,,
94184040dem.grd,,
94184040dem.hdr,,
94184050dem.grd,,
94184050dem.hdr,,
94191034dem.grd,,
94191034dem.hdr,,
94191035dem.grd,,
94191035dem.hdr,,
94191036dem.grd,,
94191036dem.hdr,,
94191037dem.grd,,
94191037dem.hdr,,
94191038dem.grd,,
94191038dem.hdr,,
94191039dem.grd,,
94191039dem.hdr,,
94191042dem.grd,,
94191042dem.hdr,,
94191043dem.grd,,
94191043dem.hdr,,
94191044dem.grd,,
94191044dem.hdr,,
94191045dem.grd,,
94191045dem.hdr,,
94191046dem.grd,,
94191046dem.hdr,,
94191047dem.grd,,
94191047dem.hdr,,
94191048dem.grd,,
94191048dem.hdr,,
94191049dem.grd,,
94191049dem.hdr,,
94191050dem.grd,,
94191050dem.hdr,,
94191051dem.grd,,
94191051dem.hdr,,
94191052dem.grd,,
94191052dem.hdr,,
94191053dem.grd,,
94191053dem.hdr,,
94191054dem.grd,,
94191054dem.hdr,,
94191055dem.grd,,
94191055dem.hdr,,
94191056dem.grd,,
94191056dem.hdr,,
94191057dem.grd,,
94191057dem.hdr,,
94191058dem.grd,,
94191058dem.hdr,,
94191059dem.grd,,
94191059dem.hdr,,
94191060dem.grd,,
94191060dem.hdr,,
94191061dem.grd,,
94191061dem.hdr,,
94191062dem.grd,,
94191062dem.hdr,,
94191063dem.grd,,
94191063dem.hdr,,
94191064dem.grd,,
94191064dem.hdr,,
94191065dem.grd,,
94191065dem.hdr,,
94191066dem.grd,,
94191066dem.hdr,,
94191067dem.grd,,
94191067dem.hdr,,
94191068dem.grd,,
94191068dem.hdr,,
94191069dem.grd,,
94191069dem.hdr,,
94191070dem.grd,,
94191070dem.hdr,,
94191071dem.grd,,
94191071dem.hdr,,
94191072dem.grd,,
94191072dem.hdr,,
94191073dem.grd,,
94191073dem.hdr,,
94191074dem.grd,,
94191074dem.hdr,,
94191075dem.grd,,
94191075dem.hdr,,
94191076dem.grd,,
94191076dem.hdr,,
94191077dem.grd,,
94191077dem.hdr,,
94191078dem.grd,,
94191078dem.hdr,,
94191079dem.grd,,
94191079dem.hdr,,
94191080dem.grd,,
94191080dem.hdr,,
94191081dem.grd,,
94191081dem.hdr,,
94191082dem.grd,,
94191082dem.hdr,,
94191083dem.grd,,
94191083dem.hdr,,
94191084dem.grd,,
94191084dem.hdr,,
94191085dem.grd,,
94191085dem.hdr,,
94191086dem.grd,,
94191086dem.hdr,,
94191087dem.grd,,
94191087dem.hdr,,
94191088dem.grd,,
94191088dem.hdr,,
94191089dem.grd,,
94191089dem.hdr,,
94191090dem.grd,,
94191090dem.hdr,,
94191091dem.grd,,
94191091dem.hdr,,
94191092dem.grd,,
94191092dem.hdr,,
94191093dem.grd,,
94191093dem.hdr,,
94191094dem.grd,,
94191094dem.hdr,,
94191095dem.grd,,
94191095dem.hdr,,
94191096dem.grd,,
94191096dem.hdr,,
94191097dem.grd,,
94191097dem.hdr,,
94191098dem.grd,,
94191098dem.hdr,,
94191099dem.grd,,
94191099dem.hdr,,
94191100dem.grd,,
94191100dem.hdr,,
94192001dem.grd,,
94192001dem.hdr,,
94192002dem.grd,,
94192002dem.hdr,,
94192003dem.grd,,
94192003dem.hdr,,
94192004dem.grd,,
94192004dem.hdr,,
94192005dem.grd,,
94192005dem.hdr,,
94192006dem.grd,,
94192006dem.hdr,,
94192007dem.grd,,
94192007dem.hdr,,
94192008dem.grd,,
94192008dem.hdr,,
94192009dem.grd,,
94192009dem.hdr,,
94192010dem.grd,,
94192010dem.hdr,,
94192011dem.grd,,
94192011dem.hdr,,
94192012dem.grd,,
94192012dem.hdr,,
94192013dem.grd,,
94192013dem.hdr,,
94192014dem.grd,,
94192014dem.hdr,,
94192015dem.grd,,
94192015dem.hdr,,
94192016dem.grd,,
94192016dem.hdr,,
94192017dem.grd,,
94192017dem.hdr,,
94192018dem.grd,,
94192018dem.hdr,,
94192019dem.grd,,
94192019dem.hdr,,
94192020dem.grd,,
94192020dem.hdr,,
94192021dem.grd,,
94192021dem.hdr,,
94192022dem.grd,,
94192022dem.hdr,,
94192023dem.grd,,
94192023dem.hdr,,
94192024dem.grd,,
94192024dem.hdr,,
94192025dem.grd,,
94192025dem.hdr,,
94192026dem.grd,,
94192026dem.hdr,,
94192027dem.grd,,
94192027dem.hdr,,
94192028dem.grd,,
94192028dem.hdr,,
94192029dem.grd,,
94192029dem.hdr,,
94192030dem.grd,,
94192030dem.hdr,,
94192031dem.grd,,
94192031dem.hdr,,
94192032dem.grd,,
94192032dem.hdr,,
94192033dem.grd,,
94192033dem.hdr,,
94192034dem.grd,,
94192034dem.hdr,,
94192035dem.grd,,
94192035dem.hdr,,
94192036dem.grd,,
94192036dem.hdr,,
94192037dem.grd,,
94192037dem.hdr,,
94192038dem.grd,,
94192038dem.hdr,,
94192039dem.grd,,
94192039dem.hdr,,
94192040dem.grd,,
94192040dem.hdr,,
94192041dem.grd,,
94192041dem.hdr,,
94192042dem.grd,,
94192042dem.hdr,,
94192043dem.grd,,
94192043dem.hdr,,
94192044dem.grd,,
94192044dem.hdr,,
94192045dem.grd,,
94192045dem.hdr,,
94192046dem.grd,,
94192046dem.hdr,,
94192047dem.grd,,
94192047dem.hdr,,
94192048dem.grd,,
94192048dem.hdr,,
94192049dem.grd,,
94192049dem.hdr,,
94192050dem.grd,,
94192050dem.hdr,,
94192051dem.grd,,
94192051dem.hdr,,
94192052dem.grd,,
94192052dem.hdr,,
94192053dem.grd,,
94192053dem.hdr,,
94192054dem.grd,,
94192054dem.hdr,,
94192055dem.grd,,
94192055dem.hdr,,
94192056dem.grd,,
94192056dem.hdr,,
94192057dem.grd,,
94192057dem.hdr,,
94192058dem.grd,,
94192058dem.hdr,,
94192059dem.grd,,
94192059dem.hdr,,
94192060dem.grd,,
94192060dem.hdr,,
94192061dem.grd,,
94192061dem.hdr,,
94192062dem.grd,,
94192062dem.hdr,,
94192063dem.grd,,
94192063dem.hdr,,
94192064dem.grd,,
94192064dem.hdr,,
94192065dem.grd,,
94192065dem.hdr,,
94192066dem.grd,,
94192066dem.hdr,,
94192067dem.grd,,
94192067dem.hdr,,
94192068dem.grd,,
94192068dem.hdr,,
94192069dem.grd,,
94192069dem.hdr,,
94192070dem.grd,,
94192070dem.hdr,,
94192071dem.grd,,
94192071dem.hdr,,
94192072dem.grd,,
94192072dem.hdr,,
94192073dem.grd,,
94192073dem.hdr,,
94192074dem.grd,,
94192074dem.hdr,,
94192075dem.grd,,
94192075dem.hdr,,
94192076dem.grd,,
94192076dem.hdr,,
94192077dem.grd,,
94192077dem.hdr,,
94192078dem.grd,,
94192078dem.hdr,,
94192079dem.grd,,
94192079dem.hdr,,
94192080dem.grd,,
94192080dem.hdr,,
94192081dem.grd,,
94192081dem.hdr,,
94192082dem.grd,,
94192082dem.hdr,,
94192083dem.grd,,
94192083dem.hdr,,
94192084dem.grd,,
94192084dem.hdr,,
94192085dem.grd,,
94192085dem.hdr,,
94192086dem.grd,,
94192086dem.hdr,,
94192087dem.grd,,
94192087dem.hdr,,
94192088dem.grd,,
94192088dem.hdr,,
94192089dem.grd,,
94192089dem.hdr,,
94192090dem.grd,,
94192090dem.hdr,,
94192091dem.grd,,
94192091dem.hdr,,
94192092dem.grd,,
94192092dem.hdr,,
94192093dem.grd,,
94192093dem.hdr,,
94192094dem.grd,,
94192094dem.hdr,,
94192095dem.grd,,
94192095dem.hdr,,
94192096dem.grd,,
94192096dem.hdr,,
94192097dem.grd,,
94192097dem.hdr,,
94192098dem.grd,,
94192098dem.hdr,,
94192099dem.grd,,
94192099dem.hdr,,
94192100dem.grd,,
94192100dem.hdr,,
94193003dem.grd,,
94193003dem.hdr,,
94193004dem.grd,,
94193004dem.hdr,,
94193005dem.grd,,
94193005dem.hdr,,
94193006dem.grd,,
94193006dem.hdr,,
94193007dem.grd,,
94193007dem.hdr,,
94193008dem.grd,,
94193008dem.hdr,,
94193009dem.grd,,
94193009dem.hdr,,
94193010dem.grd,,
94193010dem.hdr,,
94193013dem.grd,,
94193013dem.hdr,,
94193014dem.grd,,
94193014dem.hdr,,
94193015dem.grd,,
94193015dem.hdr,,
94193016dem.grd,,
94193016dem.hdr,,
94193017dem.grd,,
94193017dem.hdr,,
94193018dem.grd,,
94193018dem.hdr,,
94193019dem.grd,,
94193019dem.hdr,,
94193020dem.grd,,
94193020dem.hdr,,
94193023dem.grd,,
94193023dem.hdr,,
94193024dem.grd,,
94193024dem.hdr,,
94193025dem.grd,,
94193025dem.hdr,,
94193026dem.grd,,
94193026dem.hdr,,
94193027dem.grd,,
94193027dem.hdr,,
94193028dem.grd,,
94193028dem.hdr,,
94193029dem.grd,,
94193029dem.hdr,,
94193030dem.grd,,
94193030dem.hdr,,
94193033dem.grd,,
94193033dem.hdr,,
94193034dem.grd,,
94193034dem.hdr,,
94193035dem.grd,,
94193035dem.hdr,,
94193036dem.grd,,
94193036dem.hdr,,
94193037dem.grd,,
94193037dem.hdr,,
94193038dem.grd,,
94193038dem.hdr,,
94193039dem.grd,,
94193039dem.hdr,,
94193040dem.grd,,
94193040dem.hdr,,
94193042dem.grd,,
94193042dem.hdr,,
94193043dem.grd,,
94193043dem.hdr,,
94193044dem.grd,,
94193044dem.hdr,,
94193045dem.grd,,
94193045dem.hdr,,
94193046dem.grd,,
94193046dem.hdr,,
94193047dem.grd,,
94193047dem.hdr,,
94193048dem.grd,,
94193048dem.hdr,,
94193049dem.grd,,
94193049dem.hdr,,
94193050dem.grd,,
94193050dem.hdr,,
94193052dem.grd,,
94193052dem.hdr,,
94193053dem.grd,,
94193053dem.hdr,,
94193054dem.grd,,
94193054dem.hdr,,
94193055dem.grd,,
94193055dem.hdr,,
94193056dem.grd,,
94193056dem.hdr,,
94193057dem.grd,,
94193057dem.hdr,,
94193058dem.grd,,
94193058dem.hdr,,
94193059dem.grd,,
94193059dem.hdr,,
94193060dem.grd,,
94193060dem.hdr,,
94193062dem.grd,,
94193062dem.hdr,,
94193063dem.grd,,
94193063dem.hdr,,
94193064dem.grd,,
94193064dem.hdr,,
94193065dem.grd,,
94193065dem.hdr,,
94193066dem.grd,,
94193066dem.hdr,,
94193067dem.grd,,
94193067dem.hdr,,
94193068dem.grd,,
94193068dem.hdr,,
94193069dem.grd,,
94193069dem.hdr,,
94193070dem.grd,,
94193070dem.hdr,,
94193071dem.grd,,
94193071dem.hdr,,
94193072dem.grd,,
94193072dem.hdr,,
94193073dem.grd,,
94193073dem.hdr,,
94193074dem.grd,,
94193074dem.hdr,,
94193075dem.grd,,
94193075dem.hdr,,
94193076dem.grd,,
94193076dem.hdr,,
94193077dem.grd,,
94193077dem.hdr,,
94193078dem.grd,,
94193078dem.hdr,,
94193079dem.grd,,
94193079dem.hdr,,
94193080dem.grd,,
94193080dem.hdr,,
94193082dem.grd,,
94193082dem.hdr,,
94193083dem.grd,,
94193083dem.hdr,,
94193084dem.grd,,
94193084dem.hdr,,
94193085dem.grd,,
94193085dem.hdr,,
94193086dem.grd,,
94193086dem.hdr,,
94193087dem.grd,,
94193087dem.hdr,,
94193088dem.grd,,
94193088dem.hdr,,
94193089dem.grd,,
94193089dem.hdr,,
94193090dem.grd,,
94193090dem.hdr,,
94193094dem.grd,,
94193094dem.hdr,,
94193095dem.grd,,
94193095dem.hdr,,
94193096dem.grd,,
94193096dem.hdr,,
94193097dem.grd,,
94193097dem.hdr,,
94193098dem.grd,,
94193098dem.hdr,,
94193099dem.grd,,
94193099dem.hdr,,
94193100dem.grd,,
94193100dem.hdr,,
94194065dem.grd,,
94194065dem.hdr,,
94194066dem.grd,,
94194066dem.hdr,,
94194070dem.grd,,
94194070dem.hdr,,
94194074dem.grd,,
94194074dem.hdr,,
94194075dem.grd,,
94194075dem.hdr,,
94194076dem.grd,,
94194076dem.hdr,,
94194077dem.grd,,
94194077dem.hdr,,
94194078dem.grd,,
94194078dem.hdr,,
94194079dem.grd,,
94194079dem.hdr,,
94194080dem.grd,,
94194080dem.hdr,,
94194084dem.grd,,
94194084dem.hdr,,
94194085dem.grd,,
94194085dem.hdr,,
94194086dem.grd,,
94194086dem.hdr,,
94194087dem.grd,,
94194087dem.hdr,,
94194088dem.grd,,
94194088dem.hdr,,
94194089dem.grd,,
94194089dem.hdr,,
94194090dem.grd,,
94194090dem.hdr,,
94194094dem.grd,,
94194094dem.hdr,,
94194095dem.grd,,
94194095dem.hdr,,
94194096dem.grd,,
94194096dem.hdr,,
94194097dem.grd,,
94194097dem.hdr,,
94194098dem.grd,,
94194098dem.hdr,,
94194099dem.grd,,
94194099dem.hdr,,
94194100dem.grd,,
94194100dem.hdr,,
95193001dem.grd,,
95193001dem.hdr,,
95193002dem.grd,,
95193002dem.hdr,,
95193004dem.grd,,
95193004dem.hdr,,
95193005dem.grd,,
95193005dem.hdr,,
95193006dem.grd,,
95193006dem.hdr,,
95193011dem.grd,,
95193011dem.hdr,,
95193012dem.grd,,
95193012dem.hdr,,
95193013dem.grd,,
95193013dem.hdr,,
95193014dem.grd,,
95193014dem.hdr,,
95193015dem.grd,,
95193015dem.hdr,,
95193016dem.grd,,
95193016dem.hdr,,
95193021dem.grd,,
95193021dem.hdr,,
95193022dem.grd,,
95193022dem.hdr,,
95193023dem.grd,,
95193023dem.hdr,,
95193024dem.grd,,
95193024dem.hdr,,
95193025dem.grd,,
95193025dem.hdr,,
95193026dem.grd,,
95193026dem.hdr,,
95193031dem.grd,,
95193031dem.hdr,,
95193032dem.grd,,
95193032dem.hdr,,
95193033dem.grd,,
95193033dem.hdr,,
95193034dem.grd,,
95193034dem.hdr,,
95193035dem.grd,,
95193035dem.hdr,,
95193041dem.grd,,
95193041dem.hdr,,
95193042dem.grd,,
95193042dem.hdr,,
95193043dem.grd,,
95193043dem.hdr,,
95193044dem.grd,,
95193044dem.hdr,,
95193051dem.grd,,
95193051dem.hdr,,
95193052dem.grd,,
95193052dem.hdr,,
95193053dem.grd,,
95193053dem.hdr,,
95193054dem.grd,,
95193054dem.hdr,,
95193061dem.grd,,
95193061dem.hdr,,
95193062dem.grd,,
95193062dem.hdr,,
95193063dem.grd,,
95193063dem.hdr,,
95193071dem.grd,,
95193071dem.hdr,,
95193072dem.grd,,
95193072dem.hdr,,
95193073dem.grd,,
95193073dem.hdr,,
95193081dem.grd,,
95193081dem.hdr,,
95194051dem.grd,,
95194051dem.hdr,,
95194061dem.grd,,
95194061dem.hdr,,
95194062dem.grd,,
95194062dem.hdr,,
95194071dem.grd,,
95194071dem.hdr,,
95194072dem.grd,,
95194072dem.hdr,,
95194081dem.grd,,
95194081dem.hdr,,
95194091dem.grd,,
95194091dem.hdr,,
